person_id,person_name,occupation,address_id,organization_id,source_record
P001,Aditya Rao,analyst,L001,ORG001,PERSON-REG-001
P002,Anil Sharma,trader,L003,ORG002,PERSON-REG-002
P003,Arjun Mehta,technician,L005,ORG003,PERSON-REG-003
P004,Asha Nair,analyst,L007,ORG004,PERSON-REG-004
P005,Divya Reddy,trader,L009,ORG005,PERSON-REG-005
P006,Harish Patel,technician,L011,ORG101,PERSON-REG-006
P007,Kavya Sharma,analyst,L013,ORG102,PERSON-REG-007
P008,Kiran Reddy,trader,L015,ORG001,PERSON-REG-008
P009,Lakshmi Rao,technician,L017,ORG002,PERSON-REG-009
P010,Manoj Kumar,analyst,L019,ORG003,PERSON-REG-010
P011,Meena Patel,trader,L021,ORG004,PERSON-REG-011
P012,Neha Singh,technician,L023,ORG005,PERSON-REG-012
P013,Nikhil Kumar,analyst,L001,ORG101,PERSON-REG-013
P014,Pooja Sharma,trader,L003,ORG102,PERSON-REG-014
P015,Priya Reddy,technician,L005,ORG001,PERSON-REG-015
P016,Rahul Verma,analyst,L007,ORG002,PERSON-REG-016
P017,Ravi Kumar,trader,L009,ORG003,PERSON-REG-017
P018,Rohit Gupta,technician,L011,ORG004,PERSON-REG-018
P019,Sanjay Verma,analyst,L013,ORG005,PERSON-REG-019
P020,Sneha Rao,trader,L015,ORG101,PERSON-REG-020
P021,Suresh Rao,technician,L017,ORG102,PERSON-REG-021
P022,Swati Verma,analyst,L019,ORG001,PERSON-REG-022
P023,Varun Reddy,trader,L021,ORG002,PERSON-REG-023
P024,Vikram Singh,technician,L023,ORG003,PERSON-REG-024
P101,Ishaan Joshi,analyst,L001,ORG004,PERSON-REG-025
P102,Madhavi Rao,trader,L003,ORG005,PERSON-REG-026
P103,Naveen Das,technician,L005,ORG101,PERSON-REG-027
P104,Ritu Malhotra,analyst,L007,ORG102,PERSON-REG-028
P105,Sameer Khan,trader,L009,ORG001,PERSON-REG-029
P106,Tanya Bose,technician,L011,ORG002,PERSON-REG-030
